policy_id,insured_id,product_type,payment_mode,annual_premium,ceded_premium
P000001,I00001,Term Life,Semiannual,15000,0.0
P000002,I00002,Term Life,Annual,19100,1500.0
P000003,I00002,Universal Life,Annual,10700,0.0
P000004,I00002,Term Life,Semiannual,7500,0.0
P000005,I00003,Term Life,Quarterly,9600,0.0
P000006,I00003,Whole Life,Quarterly,18600,0.0
P000007,I00004,Universal Life,Annual,58600,0.0
P000008,I00005,Term Life,Quarterly,22600,2100.0
P000009,I00006,Whole Life,Monthly,55500,0.0
P000010,I00007,Whole Life,Monthly,77200,0.0
P000011,I00008,Universal Life,Monthly,46000,2850.0
P000012,I00008,Term Life,Monthly,8900,150.0
P000013,I00009,Term Life,Quarterly,19600,600.0
P000014,I00010,Term Life,Annual,5500,0.0
P000015,I00011,Universal Life,Monthly,39600,0.0
P000016,I00012,Term Life,Annual,38500,4050.0
P000017,I00012,Term Life,Annual,13300,0.0
P000018,I00012,Term Life,Semiannual,22400,750.0
P000019,I00013,Universal Life,Annual,168400,11100.0
P000020,I00013,Whole Life,Annual,19300,0.0
P000021,I00014,Whole Life,Annual,45100,0.0
P000022,I00015,Term Life,Annual,23200,2100.0
P000023,I00016,Term Life,Semiannual,18700,0.0
P000024,I00017,Whole Life,Annual,108500,2550.0
P000025,I00018,Term Life,Annual,10600,300.0
P000026,I00018,Whole Life,Monthly,44400,600.0
P000027,I00019,Term Life,Annual,8100,0.0
P000028,I00019,Universal Life,Quarterly,23600,0.0
P000029,I00020,Whole Life,Annual,103000,750.0
P000030,I00021,Whole Life,Monthly,36100,0.0
P000031,I00022,Term Life,Annual,8000,0.0
P000032,I00023,Whole Life,Quarterly,77300,1200.0
P000033,I00024,Term Life,Annual,29600,1950.0
P000034,I00025,Term Life,Annual,20700,2850.0
P000035,I00026,Universal Life,Quarterly,34900,1800.0
P000036,I00026,Term Life,Semiannual,11200,1650.0
P000037,I00027,Term Life,Annual,14000,0.0
P000038,I00028,Universal Life,Annual,47600,2550.0
P000039,I00029,Whole Life,Annual,66700,0.0
P000040,I00030,Term Life,Quarterly,37700,2250.0
P000041,I00031,Term Life,Semiannual,14800,1650.0
P000042,I00032,Term Life,Annual,11200,0.0
P000043,I00032,Universal Life,Annual,35100,0.0
P000044,I00033,Universal Life,Annual,48000,900.0
P000045,I00034,Whole Life,Monthly,121400,3750.0
P000046,I00034,Whole Life,Monthly,27300,0.0
P000047,I00034,Whole Life,Monthly,35600,0.0
P000048,I00035,Term Life,Monthly,21300,4200.0
P000049,I00035,Term Life,Annual,5900,0.0
P000050,I00035,Term Life,Quarterly,9400,0.0
P000051,I00036,Whole Life,Monthly,62000,150.0
P000052,I00036,Universal Life,Semiannual,93900,3150.0
P000053,I00037,Whole Life,Quarterly,87100,900.0
P000054,I00038,Term Life,Annual,62300,6600.0
P000055,I00039,Term Life,Monthly,11900,0.0
P000056,I00040,Term Life,Monthly,14200,0.0
P000057,I00041,Universal Life,Monthly,79700,0.0
P000058,I00042,Whole Life,Quarterly,16300,0.0
P000059,I00043,Whole Life,Annual,47800,0.0
P000060,I00044,Term Life,Monthly,8700,0.0
P000061,I00044,Universal Life,Monthly,26600,0.0
P000062,I00045,Universal Life,Monthly,62900,0.0
P000063,I00046,Term Life,Annual,20400,3150.0
P000064,I00047,Whole Life,Annual,89300,0.0
P000065,I00048,Whole Life,Monthly,15900,0.0
P000066,I00049,Term Life,Annual,38700,6150.0
P000067,I00050,Term Life,Monthly,13900,450.0
P000068,I00051,Universal Life,Semiannual,49000,600.0
P000069,I00051,Whole Life,Monthly,28600,0.0
P000070,I00051,Whole Life,Semiannual,33300,0.0
P000071,I00052,Universal Life,Quarterly,76500,3750.0
P000072,I00052,Term Life,Annual,42800,9750.0
P000073,I00053,Whole Life,Annual,55300,2250.0
P000074,I00053,Term Life,Annual,8400,0.0
P000075,I00053,Whole Life,Annual,22400,0.0
P000076,I00054,Term Life,Annual,10900,0.0
P000077,I00054,Universal Life,Annual,19500,0.0
P000078,I00055,Term Life,Quarterly,16600,0.0
P000079,I00056,Whole Life,Annual,89100,2700.0
P000080,I00056,Term Life,Quarterly,4500,0.0
P000081,I00056,Term Life,Annual,44600,7500.0
P000082,I00057,Universal Life,Monthly,39000,0.0
P000083,I00058,Universal Life,Quarterly,34500,0.0
P000084,I00059,Term Life,Monthly,6600,0.0
P000085,I00060,Term Life,Annual,14600,300.0
P000086,I00061,Whole Life,Semiannual,46800,0.0
P000087,I00062,Universal Life,Semiannual,56100,1050.0
P000088,I00063,Whole Life,Quarterly,28300,0.0
P000089,I00063,Whole Life,Annual,22200,0.0
P000090,I00064,Term Life,Annual,16100,1800.0
P000091,I00065,Whole Life,Annual,14100,0.0
P000092,I00066,Term Life,Annual,16900,1050.0
P000093,I00067,Whole Life,Semiannual,54300,750.0
P000094,I00068,Term Life,Semiannual,27900,5400.0
P000095,I00068,Universal Life,Monthly,89600,6750.0
P000096,I00069,Term Life,Annual,26200,600.0
P000097,I00070,Whole Life,Annual,21100,0.0
P000098,I00070,Term Life,Annual,6600,0.0
P000099,I00070,Term Life,Monthly,10900,0.0
P000100,I00070,Universal Life,Semiannual,56500,1500.0
P000101,I00071,Term Life,Annual,14500,1800.0
P000102,I00071,Term Life,Annual,22800,4800.0
P000103,I00072,Whole Life,Annual,116900,0.0
P000104,I00073,Term Life,Monthly,28600,3300.0
P000105,I00074,Whole Life,Annual,16600,0.0
P000106,I00074,Term Life,Annual,7800,0.0
P000107,I00075,Term Life,Annual,31300,4500.0
P000108,I00076,Universal Life,Quarterly,19700,0.0
P000109,I00076,Term Life,Annual,6200,0.0
P000110,I00077,Whole Life,Monthly,31300,0.0
P000111,I00077,Whole Life,Semiannual,53700,2250.0
P000112,I00078,Term Life,Semiannual,11800,0.0
P000113,I00079,Universal Life,Monthly,51800,1500.0
P000114,I00080,Whole Life,Monthly,80200,1950.0
P000115,I00081,Whole Life,Annual,49000,450.0
P000116,I00081,Term Life,Semiannual,9100,900.0
P000117,I00082,Whole Life,Monthly,32500,0.0
P000118,I00083,Whole Life,Annual,45900,0.0
P000119,I00084,Term Life,Annual,9400,0.0
P000120,I00085,Whole Life,Monthly,80100,1350.0
P000121,I00086,Term Life,Semiannual,4500,0.0
P000122,I00087,Whole Life,Quarterly,17500,0.0
P000123,I00087,Whole Life,Quarterly,41900,150.0
P000124,I00088,Term Life,Semiannual,8700,0.0
P000125,I00089,Term Life,Monthly,16700,450.0
P000126,I00089,Universal Life,Monthly,85300,2250.0
P000127,I00090,Term Life,Monthly,17600,1800.0
P000128,I00091,Whole Life,Annual,54000,0.0
P000129,I00092,Universal Life,Annual,65200,1650.0
P000130,I00093,Universal Life,Annual,60600,2850.0
P000131,I00093,Universal Life,Annual,25600,0.0
P000132,I00094,Whole Life,Semiannual,28900,0.0
P000133,I00095,Term Life,Monthly,8600,0.0
P000134,I00095,Universal Life,Monthly,116200,8250.0
P000135,I00096,Term Life,Annual,70400,6150.0
P000136,I00097,Universal Life,Annual,37100,1050.0
P000137,I00098,Whole Life,Annual,85800,1650.0
P000138,I00099,Term Life,Quarterly,13500,0.0
P000139,I00100,Whole Life,Annual,108900,1650.0
P000140,I00101,Universal Life,Annual,21100,0.0
P000141,I00102,Whole Life,Monthly,38900,0.0
P000142,I00103,Universal Life,Annual,72900,4050.0
P000143,I00104,Universal Life,Monthly,18300,0.0
P000144,I00105,Term Life,Annual,9400,0.0
P000145,I00105,Universal Life,Quarterly,41100,450.0
P000146,I00106,Term Life,Annual,17000,0.0
P000147,I00107,Universal Life,Quarterly,35500,300.0
P000148,I00108,Term Life,Monthly,11000,150.0
P000149,I00108,Universal Life,Monthly,40200,450.0
P000150,I00109,Universal Life,Monthly,78400,4050.0
P000151,I00110,Term Life,Annual,10100,150.0
P000152,I00111,Whole Life,Quarterly,84200,0.0
P000153,I00112,Term Life,Monthly,7400,0.0
P000154,I00113,Universal Life,Quarterly,54800,750.0
P000155,I00113,Whole Life,Quarterly,69100,150.0
P000156,I00113,Term Life,Semiannual,21200,1050.0
P000157,I00114,Term Life,Semiannual,12600,2400.0
P000158,I00114,Universal Life,Annual,41100,1950.0
P000159,I00115,Term Life,Annual,27000,1200.0
P000160,I00116,Term Life,Annual,13300,0.0
P000161,I00116,Whole Life,Semiannual,70100,1350.0
P000162,I00117,Term Life,Annual,22900,3750.0
P000163,I00117,Universal Life,Semiannual,24400,0.0
P000164,I00118,Term Life,Annual,25700,0.0
P000165,I00119,Term Life,Annual,8200,0.0
P000166,I00119,Universal Life,Monthly,85800,2250.0
P000167,I00120,Term Life,Monthly,51400,4950.0
P000168,I00121,Term Life,Quarterly,18600,0.0
P000169,I00121,Whole Life,Semiannual,26500,0.0
P000170,I00122,Whole Life,Annual,17500,0.0
P000171,I00122,Universal Life,Monthly,22800,0.0
P000172,I00123,Universal Life,Semiannual,41200,0.0
P000173,I00124,Term Life,Semiannual,7200,0.0
P000174,I00125,Term Life,Annual,18300,0.0
P000175,I00126,Term Life,Semiannual,20600,0.0
P000176,I00127,Universal Life,Quarterly,25500,0.0
P000177,I00127,Term Life,Quarterly,9000,0.0
P000178,I00128,Term Life,Annual,30400,1650.0
P000179,I00128,Whole Life,Annual,107000,750.0
P000180,I00129,Universal Life,Annual,62900,0.0
P000181,I00130,Term Life,Monthly,34800,7350.0
P000182,I00131,Term Life,Annual,14400,1050.0
P000183,I00132,Universal Life,Annual,42800,1050.0
P000184,I00133,Term Life,Monthly,11500,450.0
P000185,I00134,Universal Life,Monthly,14400,0.0
P000186,I00135,Whole Life,Annual,46800,1650.0
P000187,I00135,Term Life,Monthly,8400,300.0
P000188,I00135,Whole Life,Quarterly,42100,0.0
P000189,I00136,Term Life,Annual,16600,0.0
P000190,I00137,Term Life,Annual,12000,0.0
P000191,I00138,Universal Life,Annual,111600,2250.0
P000192,I00139,Term Life,Annual,10200,0.0
P000193,I00140,Term Life,Annual,10900,0.0
P000194,I00140,Universal Life,Semiannual,24600,0.0
P000195,I00140,Term Life,Annual,11400,0.0
P000196,I00141,Whole Life,Monthly,39300,1050.0
P000197,I00141,Term Life,Semiannual,16600,1500.0
P000198,I00141,Term Life,Annual,11600,0.0
P000199,I00141,Term Life,Monthly,4800,0.0
P000200,I00142,Universal Life,Semiannual,53500,300.0
P000201,I00143,Term Life,Semiannual,18600,1200.0
P000202,I00144,Universal Life,Annual,18700,0.0
P000203,I00144,Universal Life,Annual,12300,0.0
P000204,I00145,Whole Life,Annual,24700,0.0
P000205,I00146,Term Life,Semiannual,30500,900.0
P000206,I00147,Term Life,Monthly,17500,150.0
P000207,I00148,Term Life,Monthly,10600,150.0
P000208,I00149,Whole Life,Semiannual,35600,150.0
P000209,I00150,Universal Life,Monthly,22400,0.0
P000210,I00151,Universal Life,Quarterly,13300,0.0
P000211,I00151,Term Life,Monthly,4400,0.0
P000212,I00152,Universal Life,Annual,64900,600.0
P000213,I00153,Universal Life,Annual,17200,0.0
P000214,I00154,Universal Life,Quarterly,25700,0.0
P000215,I00155,Universal Life,Monthly,71900,300.0
P000216,I00155,Term Life,Annual,32800,2400.0
P000217,I00155,Universal Life,Semiannual,27000,0.0
P000218,I00155,Term Life,Monthly,18100,0.0
P000219,I00156,Term Life,Quarterly,7400,0.0
P000220,I00157,Term Life,Quarterly,68500,4050.0
P000221,I00158,Universal Life,Annual,19100,0.0
P000222,I00158,Term Life,Monthly,24700,1800.0
P000223,I00159,Whole Life,Quarterly,46900,0.0
P000224,I00160,Term Life,Annual,39500,8250.0
P000225,I00160,Whole Life,Annual,42300,0.0
P000226,I00161,Term Life,Annual,13900,0.0
P000227,I00162,Universal Life,Annual,35700,1350.0
P000228,I00163,Term Life,Annual,41400,10800.0
P000229,I00164,Whole Life,Monthly,86300,0.0
P000230,I00165,Term Life,Semiannual,32700,5100.0
P000231,I00166,Term Life,Monthly,11100,0.0
P000232,I00166,Term Life,Annual,5000,0.0
P000233,I00167,Term Life,Annual,19300,2100.0
P000234,I00168,Universal Life,Annual,25100,0.0
P000235,I00169,Whole Life,Monthly,51000,0.0
P000236,I00170,Term Life,Monthly,5800,0.0
P000237,I00171,Universal Life,Annual,5200,0.0
P000238,I00172,Universal Life,Quarterly,208200,3900.0
P000239,I00173,Term Life,Semiannual,29600,2550.0
P000240,I00174,Universal Life,Annual,31100,0.0
P000241,I00175,Whole Life,Quarterly,53900,0.0
P000242,I00175,Term Life,Semiannual,16800,0.0
P000243,I00176,Term Life,Semiannual,13900,0.0
P000244,I00177,Universal Life,Semiannual,46800,2250.0
P000245,I00178,Universal Life,Annual,43400,1350.0
P000246,I00179,Whole Life,Quarterly,116800,2550.0
P000247,I00179,Term Life,Annual,12300,0.0
P000248,I00179,Term Life,Annual,7000,0.0
P000249,I00180,Whole Life,Annual,34400,0.0
P000250,I00181,Whole Life,Annual,15900,0.0
P000251,I00182,Term Life,Monthly,10900,1200.0
P000252,I00183,Term Life,Annual,7900,0.0
P000253,I00183,Whole Life,Monthly,34400,0.0
P000254,I00183,Whole Life,Annual,41600,0.0
P000255,I00184,Term Life,Monthly,67700,5400.0
P000256,I00184,Term Life,Quarterly,32800,1950.0
P000257,I00185,Term Life,Semiannual,5200,0.0
P000258,I00186,Universal Life,Annual,31600,0.0
P000259,I00187,Term Life,Annual,34600,6300.0
P000260,I00187,Term Life,Semiannual,6100,0.0
P000261,I00188,Universal Life,Monthly,54800,0.0
P000262,I00189,Term Life,Monthly,34100,1650.0
P000263,I00190,Universal Life,Annual,37100,0.0
P000264,I00191,Term Life,Annual,13700,1650.0
P000265,I00192,Universal Life,Quarterly,59800,0.0
P000266,I00192,Universal Life,Monthly,68300,0.0
P000267,I00193,Whole Life,Monthly,38400,0.0
P000268,I00193,Term Life,Annual,5600,0.0
P000269,I00194,Term Life,Quarterly,21200,1650.0
P000270,I00195,Whole Life,Annual,55500,0.0
P000271,I00196,Term Life,Annual,9300,0.0
P000272,I00197,Term Life,Quarterly,25800,450.0
P000273,I00197,Term Life,Monthly,26800,0.0
P000274,I00198,Whole Life,Semiannual,35000,450.0
P000275,I00198,Term Life,Annual,16600,2850.0
P000276,I00199,Term Life,Quarterly,16700,1650.0
P000277,I00199,Term Life,Annual,7600,0.0
P000278,I00200,Universal Life,Annual,50600,2550.0
P000279,I00200,Term Life,Monthly,20600,3150.0
P000280,I00201,Term Life,Monthly,6800,0.0
P000281,I00202,Term Life,Annual,17200,150.0
P000282,I00203,Whole Life,Quarterly,28000,0.0
P000283,I00204,Universal Life,Annual,25300,0.0
P000284,I00204,Term Life,Annual,31700,3450.0
P000285,I00205,Term Life,Semiannual,10600,0.0
P000286,I00206,Universal Life,Annual,30900,300.0
P000287,I00207,Whole Life,Monthly,51700,0.0
P000288,I00208,Whole Life,Quarterly,33600,0.0
P000289,I00209,Whole Life,Annual,11700,0.0
P000290,I00210,Whole Life,Quarterly,12200,0.0
P000291,I00211,Whole Life,Semiannual,39900,0.0
P000292,I00212,Universal Life,Annual,69600,900.0
P000293,I00213,Term Life,Annual,32000,2400.0
P000294,I00214,Whole Life,Annual,41400,0.0
P000295,I00215,Whole Life,Annual,96200,1200.0
P000296,I00215,Whole Life,Monthly,73100,600.0
P000297,I00216,Whole Life,Monthly,20200,0.0
P000298,I00217,Term Life,Monthly,13400,1050.0
P000299,I00218,Term Life,Semiannual,14500,1950.0
P000300,I00218,Whole Life,Annual,29000,0.0
P000301,I00219,Term Life,Semiannual,56200,8850.0
P000302,I00220,Term Life,Monthly,10400,300.0
P000303,I00220,Universal Life,Annual,72500,3150.0
P000304,I00221,Term Life,Monthly,20700,1950.0
P000305,I00222,Term Life,Annual,13200,750.0
P000306,I00223,Term Life,Monthly,43700,1050.0
P000307,I00224,Term Life,Annual,21400,2850.0
P000308,I00225,Whole Life,Annual,69500,600.0
P000309,I00226,Whole Life,Quarterly,35000,0.0
P000310,I00227,Term Life,Annual,20800,2100.0
P000311,I00227,Term Life,Monthly,5000,0.0
P000312,I00227,Universal Life,Monthly,23000,0.0
P000313,I00228,Term Life,Monthly,23400,2700.0
P000314,I00229,Term Life,Annual,16300,1950.0
P000315,I00229,Term Life,Annual,15400,1050.0
P000316,I00230,Universal Life,Annual,54100,2100.0
P000317,I00231,Term Life,Quarterly,50900,6000.0
P000318,I00231,Whole Life,Monthly,27100,0.0
P000319,I00232,Term Life,Annual,31700,1800.0
P000320,I00233,Term Life,Annual,27900,3000.0
P000321,I00234,Term Life,Quarterly,12900,1350.0
P000322,I00235,Term Life,Annual,21700,1650.0
P000323,I00236,Term Life,Annual,15200,600.0
P000324,I00236,Term Life,Monthly,26500,4350.0
P000325,I00237,Term Life,Annual,24500,150.0
P000326,I00238,Term Life,Monthly,14000,1800.0
P000327,I00239,Universal Life,Monthly,114100,6600.0
P000328,I00240,Term Life,Monthly,6100,0.0
P000329,I00241,Term Life,Quarterly,25900,3450.0
P000330,I00241,Whole Life,Annual,45200,0.0
P000331,I00241,Term Life,Monthly,31200,5400.0
P000332,I00242,Term Life,Semiannual,5100,0.0
P000333,I00242,Universal Life,Monthly,30700,0.0
P000334,I00242,Term Life,Monthly,26400,5250.0
P000335,I00243,Whole Life,Annual,30200,0.0
P000336,I00243,Term Life,Semiannual,13900,0.0
P000337,I00244,Term Life,Annual,24600,300.0
P000338,I00245,Term Life,Annual,6900,0.0
P000339,I00246,Term Life,Semiannual,27000,2400.0
P000340,I00246,Whole Life,Annual,51500,0.0
P000341,I00246,Universal Life,Semiannual,59500,1800.0
P000342,I00247,Term Life,Semiannual,18200,750.0
P000343,I00248,Whole Life,Semiannual,65300,0.0
P000344,I00248,Term Life,Quarterly,30600,450.0
P000345,I00248,Whole Life,Semiannual,278500,3450.0
P000346,I00249,Universal Life,Annual,68500,2100.0
P000347,I00249,Term Life,Annual,11900,0.0
P000348,I00249,Term Life,Monthly,16400,450.0
P000349,I00250,Term Life,Monthly,8000,0.0
P000350,I00250,Term Life,Monthly,19100,2400.0
P000351,I00251,Universal Life,Annual,55600,2100.0
P000352,I00252,Whole Life,Monthly,31100,0.0
P000353,I00253,Term Life,Annual,8300,0.0
P000354,I00253,Term Life,Monthly,9600,0.0
P000355,I00254,Whole Life,Semiannual,23000,0.0
P000356,I00255,Term Life,Annual,25200,4950.0
P000357,I00256,Term Life,Annual,8300,0.0
P000358,I00257,Whole Life,Monthly,22700,0.0
P000359,I00257,Term Life,Annual,17700,3750.0
P000360,I00257,Whole Life,Annual,15700,0.0
P000361,I00258,Term Life,Monthly,12900,450.0
P000362,I00259,Term Life,Annual,84700,3750.0
P000363,I00260,Term Life,Quarterly,27200,7050.0
P000364,I00261,Term Life,Annual,13500,1050.0
P000365,I00262,Term Life,Quarterly,28400,1800.0
P000366,I00262,Term Life,Monthly,8800,0.0
P000367,I00262,Universal Life,Monthly,43000,0.0
P000368,I00262,Term Life,Quarterly,32500,2400.0
P000369,I00263,Term Life,Annual,14300,0.0
P000370,I00264,Universal Life,Monthly,71900,3000.0
P000371,I00265,Term Life,Annual,77600,6300.0
P000372,I00265,Term Life,Monthly,43900,3900.0
P000373,I00266,Universal Life,Monthly,19700,0.0
P000374,I00266,Term Life,Annual,30100,1650.0
P000375,I00267,Universal Life,Annual,134700,1500.0
P000376,I00268,Term Life,Semiannual,25000,1050.0
P000377,I00269,Whole Life,Quarterly,40600,0.0
P000378,I00270,Whole Life,Quarterly,13100,0.0
P000379,I00271,Term Life,Annual,10800,450.0
P000380,I00271,Universal Life,Annual,36500,0.0
P000381,I00272,Whole Life,Monthly,35300,150.0
P000382,I00272,Term Life,Semiannual,15400,2400.0
P000383,I00273,Whole Life,Annual,41400,0.0
P000384,I00273,Term Life,Monthly,18100,3600.0
P000385,I00274,Term Life,Monthly,8200,0.0
P000386,I00274,Term Life,Monthly,8100,0.0
P000387,I00275,Universal Life,Monthly,28700,0.0
P000388,I00276,Whole Life,Semiannual,92700,300.0
P000389,I00277,Whole Life,Quarterly,109400,3450.0
P000390,I00277,Whole Life,Annual,137200,6000.0
P000391,I00278,Term Life,Annual,10900,300.0
P000392,I00279,Whole Life,Annual,7000,0.0
P000393,I00280,Term Life,Monthly,8600,0.0
P000394,I00280,Whole Life,Annual,37300,0.0
P000395,I00281,Universal Life,Monthly,23600,0.0
P000396,I00281,Term Life,Annual,5400,0.0
P000397,I00282,Term Life,Monthly,17700,0.0
P000398,I00283,Whole Life,Annual,23800,0.0
P000399,I00284,Whole Life,Annual,36900,450.0
P000400,I00285,Term Life,Quarterly,21100,1350.0
P000401,I00285,Term Life,Annual,11000,0.0
P000402,I00286,Term Life,Annual,19700,0.0
P000403,I00286,Term Life,Annual,19400,900.0
P000404,I00287,Universal Life,Annual,28900,0.0
P000405,I00288,Term Life,Monthly,32600,2250.0
P000406,I00289,Term Life,Semiannual,9900,0.0
P000407,I00290,Whole Life,Semiannual,30400,0.0
P000408,I00291,Universal Life,Quarterly,26800,0.0
P000409,I00292,Universal Life,Annual,52200,450.0
P000410,I00293,Term Life,Monthly,25700,0.0
P000411,I00293,Term Life,Annual,67800,4800.0
P000412,I00294,Term Life,Annual,14100,0.0
P000413,I00295,Term Life,Monthly,10200,1650.0
P000414,I00296,Term Life,Annual,28000,3600.0
P000415,I00297,Term Life,Annual,50300,2850.0
P000416,I00297,Term Life,Quarterly,31500,1350.0
P000417,I00298,Universal Life,Semiannual,46400,0.0
P000418,I00299,Term Life,Annual,17000,0.0
P000419,I00300,Whole Life,Quarterly,54900,0.0
P000420,I00301,Term Life,Annual,13600,0.0
P000421,I00302,Universal Life,Monthly,32500,900.0
P000422,I00303,Term Life,Monthly,10800,0.0
P000423,I00304,Term Life,Annual,13700,1800.0
P000424,I00305,Universal Life,Annual,54000,450.0
P000425,I00305,Term Life,Annual,10600,0.0
P000426,I00305,Whole Life,Monthly,60500,0.0
P000427,I00306,Whole Life,Semiannual,45800,0.0
P000428,I00306,Universal Life,Annual,34100,750.0
P000429,I00306,Whole Life,Annual,25600,0.0
P000430,I00307,Term Life,Annual,19500,2400.0
P000431,I00308,Universal Life,Monthly,19600,0.0
P000432,I00309,Term Life,Annual,32700,9450.0
P000433,I00309,Whole Life,Annual,23700,0.0
P000434,I00310,Term Life,Monthly,13000,600.0
P000435,I00311,Whole Life,Quarterly,22100,0.0
P000436,I00312,Universal Life,Annual,40000,150.0
P000437,I00313,Term Life,Semiannual,12800,450.0
P000438,I00314,Universal Life,Quarterly,14300,0.0
P000439,I00314,Term Life,Annual,12000,1500.0
P000440,I00314,Term Life,Monthly,5100,0.0
P000441,I00315,Whole Life,Annual,19100,0.0
P000442,I00315,Term Life,Monthly,9900,0.0
P000443,I00316,Universal Life,Annual,31800,0.0
P000444,I00317,Term Life,Quarterly,35600,1950.0
P000445,I00318,Term Life,Annual,14300,0.0
P000446,I00318,Term Life,Annual,15200,900.0
P000447,I00319,Term Life,Annual,12100,1500.0
P000448,I00320,Term Life,Annual,18100,0.0
P000449,I00321,Whole Life,Annual,23200,0.0
P000450,I00322,Universal Life,Monthly,102000,1650.0
P000451,I00323,Universal Life,Monthly,77200,1950.0
P000452,I00324,Whole Life,Annual,113100,1800.0
P000453,I00325,Whole Life,Monthly,42700,0.0
P000454,I00325,Term Life,Annual,14300,0.0
P000455,I00325,Term Life,Annual,19800,1200.0
P000456,I00326,Term Life,Annual,7000,0.0
P000457,I00326,Term Life,Annual,23800,4050.0
P000458,I00327,Whole Life,Annual,82600,0.0
P000459,I00328,Term Life,Quarterly,23000,0.0
P000460,I00329,Universal Life,Annual,47300,750.0
P000461,I00330,Term Life,Semiannual,6100,0.0
P000462,I00331,Whole Life,Quarterly,31400,0.0
P000463,I00332,Whole Life,Annual,89400,600.0
P000464,I00332,Whole Life,Monthly,139500,2700.0
P000465,I00333,Whole Life,Monthly,52200,900.0
P000466,I00334,Whole Life,Quarterly,90600,1950.0
P000467,I00335,Term Life,Annual,6900,0.0
P000468,I00336,Universal Life,Semiannual,57500,0.0
P000469,I00337,Universal Life,Quarterly,49600,1500.0
P000470,I00337,Term Life,Quarterly,11600,0.0
P000471,I00338,Term Life,Annual,5900,0.0
P000472,I00339,Whole Life,Quarterly,81900,3600.0
P000473,I00340,Universal Life,Quarterly,69800,2100.0
P000474,I00341,Whole Life,Semiannual,41400,300.0
P000475,I00342,Term Life,Annual,17200,600.0
P000476,I00343,Term Life,Annual,6200,0.0
P000477,I00344,Universal Life,Annual,51900,450.0
P000478,I00345,Term Life,Quarterly,15400,300.0
P000479,I00346,Whole Life,Quarterly,71900,450.0
P000480,I00347,Term Life,Monthly,13100,750.0
P000481,I00348,Whole Life,Monthly,63500,0.0
P000482,I00349,Whole Life,Annual,36800,0.0
P000483,I00350,Whole Life,Annual,31600,0.0
P000484,I00351,Term Life,Annual,23600,3300.0
P000485,I00352,Term Life,Monthly,16500,750.0
P000486,I00352,Term Life,Annual,26200,2850.0
P000487,I00353,Whole Life,Monthly,10300,0.0
P000488,I00354,Term Life,Monthly,10000,0.0
P000489,I00355,Term Life,Semiannual,20700,0.0
P000490,I00356,Whole Life,Monthly,24000,0.0
P000491,I00357,Whole Life,Annual,49700,300.0
P000492,I00358,Term Life,Quarterly,12300,0.0
P000493,I00359,Whole Life,Semiannual,17700,0.0
P000494,I00359,Term Life,Annual,10100,150.0
P000495,I00359,Term Life,Monthly,9700,0.0
P000496,I00360,Term Life,Semiannual,13100,300.0
P000497,I00361,Universal Life,Quarterly,40500,0.0
P000498,I00362,Term Life,Quarterly,14300,0.0
P000499,I00363,Term Life,Annual,22600,3900.0
P000500,I00364,Term Life,Annual,8800,150.0
P000501,I00365,Whole Life,Semiannual,64500,2100.0
P000502,I00365,Term Life,Quarterly,13000,150.0
P000503,I00365,Universal Life,Quarterly,44600,0.0
P000504,I00366,Universal Life,Annual,54600,0.0
P000505,I00367,Universal Life,Semiannual,74400,0.0
P000506,I00367,Whole Life,Semiannual,61000,0.0
P000507,I00367,Term Life,Semiannual,20200,0.0
P000508,I00368,Whole Life,Monthly,49300,150.0
P000509,I00368,Whole Life,Annual,18900,0.0
P000510,I00369,Term Life,Annual,9700,0.0
P000511,I00370,Universal Life,Monthly,12600,0.0
P000512,I00371,Universal Life,Monthly,37000,750.0
P000513,I00371,Term Life,Monthly,7800,0.0
P000514,I00372,Term Life,Annual,16800,900.0
P000515,I00373,Whole Life,Annual,25000,0.0
P000516,I00374,Whole Life,Quarterly,58200,0.0
P000517,I00375,Term Life,Annual,17900,0.0
P000518,I00376,Term Life,Annual,20000,900.0
P000519,I00377,Whole Life,Annual,32200,0.0
P000520,I00377,Term Life,Monthly,6100,0.0
P000521,I00378,Term Life,Quarterly,7100,0.0
P000522,I00379,Term Life,Annual,58600,12750.0
P000523,I00379,Universal Life,Monthly,65900,2550.0
P000524,I00380,Universal Life,Quarterly,45100,0.0
P000525,I00381,Term Life,Monthly,23900,0.0
P000526,I00382,Term Life,Annual,16700,600.0
P000527,I00383,Term Life,Annual,32100,600.0
P000528,I00384,Term Life,Annual,11800,0.0
P000529,I00384,Universal Life,Monthly,23600,0.0
P000530,I00385,Term Life,Quarterly,8800,300.0
P000531,I00385,Term Life,Annual,8000,0.0
P000532,I00386,Term Life,Annual,19500,4200.0
P000533,I00386,Term Life,Annual,5500,0.0
P000534,I00387,Term Life,Annual,24000,4350.0
P000535,I00388,Term Life,Annual,26100,2850.0
P000536,I00389,Term Life,Annual,12500,0.0
P000537,I00389,Universal Life,Annual,73700,1650.0
P000538,I00390,Term Life,Semiannual,8400,0.0
P000539,I00390,Term Life,Annual,49900,7950.0
P000540,I00391,Term Life,Monthly,4300,0.0
P000541,I00391,Term Life,Semiannual,9600,450.0
P000542,I00391,Term Life,Annual,11300,0.0
P000543,I00391,Term Life,Monthly,7600,0.0
P000544,I00392,Term Life,Annual,16300,600.0
P000545,I00393,Universal Life,Annual,26100,0.0
P000546,I00394,Term Life,Semiannual,9400,450.0
P000547,I00394,Universal Life,Semiannual,13100,0.0
P000548,I00395,Term Life,Quarterly,9800,600.0
P000549,I00396,Whole Life,Quarterly,48100,0.0
P000550,I00396,Term Life,Annual,15100,0.0
P000551,I00396,Term Life,Annual,3000,0.0
P000552,I00397,Universal Life,Monthly,49800,300.0
P000553,I00397,Term Life,Semiannual,13700,0.0
P000554,I00398,Universal Life,Monthly,17900,0.0
P000555,I00399,Term Life,Annual,13700,3150.0
P000556,I00399,Term Life,Monthly,11200,1500.0
P000557,I00400,Universal Life,Monthly,67600,300.0
P000558,I00400,Universal Life,Annual,46000,0.0
P000559,I00401,Term Life,Monthly,6600,0.0
P000560,I00402,Universal Life,Annual,52500,1350.0
P000561,I00402,Universal Life,Monthly,17500,0.0
P000562,I00403,Term Life,Annual,50800,6150.0
P000563,I00404,Term Life,Monthly,23100,1200.0
P000564,I00404,Term Life,Monthly,16200,0.0
P000565,I00405,Whole Life,Semiannual,94900,0.0
P000566,I00406,Universal Life,Quarterly,78400,0.0
P000567,I00406,Term Life,Monthly,6200,0.0
P000568,I00407,Universal Life,Annual,21200,0.0
P000569,I00408,Universal Life,Annual,21100,0.0
P000570,I00409,Universal Life,Semiannual,34800,1950.0
P000571,I00409,Term Life,Quarterly,24000,5700.0
P000572,I00410,Term Life,Quarterly,16000,3600.0
P000573,I00411,Term Life,Annual,7600,0.0
P000574,I00412,Term Life,Annual,23700,300.0
P000575,I00412,Whole Life,Quarterly,62300,0.0
P000576,I00412,Universal Life,Annual,145400,5400.0
P000577,I00413,Universal Life,Semiannual,58100,2550.0
P000578,I00413,Term Life,Annual,5500,0.0
P000579,I00413,Whole Life,Annual,70900,0.0
P000580,I00414,Whole Life,Quarterly,17700,0.0
P000581,I00415,Term Life,Monthly,45600,4650.0
P000582,I00416,Universal Life,Monthly,22600,0.0
P000583,I00417,Term Life,Annual,27900,7950.0
P000584,I00418,Universal Life,Semiannual,52800,0.0
P000585,I00419,Whole Life,Quarterly,40300,0.0
P000586,I00420,Term Life,Annual,10000,0.0
P000587,I00420,Term Life,Annual,26400,1800.0
P000588,I00421,Universal Life,Monthly,60900,2100.0
P000589,I00421,Whole Life,Semiannual,49500,0.0
P000590,I00422,Term Life,Annual,20900,150.0
P000591,I00422,Whole Life,Annual,88000,600.0
P000592,I00423,Term Life,Monthly,15900,1650.0
P000593,I00424,Universal Life,Semiannual,27400,0.0
P000594,I00424,Universal Life,Annual,43300,0.0
P000595,I00425,Whole Life,Annual,17400,0.0
P000596,I00426,Whole Life,Annual,27800,0.0
P000597,I00427,Whole Life,Annual,106300,2100.0
P000598,I00428,Term Life,Monthly,6200,0.0
P000599,I00428,Universal Life,Annual,40400,1950.0
P000600,I00429,Universal Life,Monthly,40200,0.0
P000601,I00429,Term Life,Annual,19500,0.0
P000602,I00430,Term Life,Annual,13900,1050.0
P000603,I00431,Whole Life,Annual,57600,0.0
P000604,I00432,Term Life,Monthly,20400,0.0
P000605,I00432,Universal Life,Quarterly,50200,150.0
P000606,I00433,Whole Life,Annual,36900,0.0
P000607,I00434,Universal Life,Monthly,41300,450.0
P000608,I00435,Whole Life,Quarterly,50200,0.0
P000609,I00435,Whole Life,Semiannual,41700,0.0
P000610,I00436,Whole Life,Quarterly,89100,0.0
P000611,I00437,Term Life,Semiannual,12100,0.0
P000612,I00438,Term Life,Annual,9100,0.0
P000613,I00438,Whole Life,Monthly,76200,1200.0
P000614,I00439,Whole Life,Annual,31000,0.0
P000615,I00440,Universal Life,Annual,15100,0.0
P000616,I00441,Whole Life,Semiannual,40200,0.0
P000617,I00442,Universal Life,Annual,41600,300.0
P000618,I00442,Universal Life,Quarterly,52100,1050.0
P000619,I00442,Term Life,Annual,7100,0.0
P000620,I00442,Universal Life,Monthly,63900,2400.0
P000621,I00443,Term Life,Annual,14300,0.0
P000622,I00444,Universal Life,Annual,33200,1500.0
P000623,I00445,Term Life,Monthly,36900,5550.0
P000624,I00445,Whole Life,Annual,95100,1650.0
P000625,I00446,Term Life,Monthly,11800,750.0
P000626,I00446,Term Life,Annual,7900,0.0
P000627,I00446,Universal Life,Semiannual,15700,0.0
P000628,I00447,Term Life,Annual,16100,2700.0
P000629,I00447,Term Life,Quarterly,25600,4950.0
P000630,I00447,Term Life,Annual,14600,1950.0
P000631,I00447,Term Life,Monthly,11100,300.0
P000632,I00448,Term Life,Monthly,57400,15000.0
P000633,I00448,Term Life,Semiannual,4900,0.0
P000634,I00449,Universal Life,Annual,20400,0.0
P000635,I00450,Term Life,Annual,10600,0.0
P000636,I00451,Term Life,Quarterly,9700,1350.0
P000637,I00451,Universal Life,Annual,13700,0.0
P000638,I00452,Term Life,Monthly,14800,0.0
P000639,I00453,Term Life,Monthly,28400,600.0
P000640,I00454,Term Life,Annual,17900,1950.0
P000641,I00454,Whole Life,Annual,27100,0.0
P000642,I00455,Universal Life,Semiannual,24100,0.0
P000643,I00456,Whole Life,Monthly,72300,0.0
P000644,I00457,Whole Life,Monthly,35100,0.0
P000645,I00458,Universal Life,Semiannual,32600,0.0
P000646,I00459,Term Life,Annual,14400,1050.0
P000647,I00460,Term Life,Annual,15700,2250.0
P000648,I00461,Universal Life,Annual,70100,1350.0
P000649,I00462,Whole Life,Annual,50500,0.0
P000650,I00463,Universal Life,Monthly,76400,2250.0
P000651,I00463,Term Life,Quarterly,12400,0.0
P000652,I00464,Whole Life,Monthly,63100,0.0
P000653,I00465,Universal Life,Annual,8600,0.0
P000654,I00465,Whole Life,Annual,43300,0.0
P000655,I00465,Term Life,Monthly,15200,2250.0
P000656,I00466,Whole Life,Annual,125400,0.0
P000657,I00467,Term Life,Monthly,38200,4800.0
P000658,I00468,Term Life,Semiannual,12400,300.0
P000659,I00468,Term Life,Annual,9300,0.0
P000660,I00469,Term Life,Annual,15100,0.0
P000661,I00470,Whole Life,Monthly,30200,0.0
P000662,I00470,Whole Life,Quarterly,31300,0.0
P000663,I00470,Term Life,Quarterly,11900,450.0
P000664,I00471,Universal Life,Monthly,36400,450.0
P000665,I00472,Term Life,Annual,4000,0.0
P000666,I00472,Whole Life,Monthly,25800,0.0
P000667,I00472,Whole Life,Annual,53400,3150.0
P000668,I00473,Term Life,Monthly,26600,2400.0
P000669,I00474,Term Life,Semiannual,18500,0.0
P000670,I00474,Universal Life,Annual,43100,0.0
P000671,I00475,Universal Life,Annual,97800,1800.0
P000672,I00476,Universal Life,Monthly,23000,0.0
P000673,I00476,Term Life,Monthly,8800,0.0
P000674,I00476,Term Life,Monthly,11400,0.0
P000675,I00476,Universal Life,Annual,20100,0.0
P000676,I00477,Universal Life,Monthly,37800,1200.0
P000677,I00477,Term Life,Monthly,14200,900.0
P000678,I00478,Term Life,Semiannual,5300,0.0
P000679,I00479,Universal Life,Annual,32600,0.0
P000680,I00479,Term Life,Quarterly,24100,900.0
P000681,I00479,Whole Life,Annual,36700,0.0
P000682,I00480,Whole Life,Annual,21400,0.0
P000683,I00481,Universal Life,Monthly,58200,1350.0
P000684,I00482,Whole Life,Annual,49300,0.0
P000685,I00483,Universal Life,Semiannual,25200,0.0
P000686,I00484,Whole Life,Semiannual,29800,0.0
P000687,I00485,Whole Life,Monthly,31400,0.0
P000688,I00486,Whole Life,Annual,42500,0.0
P000689,I00486,Universal Life,Annual,47600,1350.0
P000690,I00487,Universal Life,Annual,30100,0.0
P000691,I00488,Whole Life,Annual,58900,0.0
P000692,I00489,Term Life,Annual,25200,3000.0
P000693,I00489,Whole Life,Annual,38000,0.0
P000694,I00489,Term Life,Annual,16700,1200.0
P000695,I00490,Universal Life,Quarterly,58800,0.0
P000696,I00490,Whole Life,Annual,131800,600.0
P000697,I00491,Term Life,Annual,30600,1800.0
P000698,I00492,Term Life,Monthly,18600,2700.0
P000699,I00493,Universal Life,Monthly,29500,0.0
P000700,I00494,Whole Life,Annual,26600,0.0
P000701,I00495,Term Life,Annual,21100,0.0
P000702,I00496,Term Life,Annual,3500,0.0
P000703,I00497,Term Life,Monthly,7400,0.0
P000704,I00498,Term Life,Monthly,13400,1350.0
P000705,I00499,Universal Life,Annual,18700,0.0
P000706,I00499,Term Life,Quarterly,10100,0.0
P000707,I00499,Term Life,Annual,3300,0.0
P000708,I00500,Universal Life,Annual,26200,0.0
P000709,I00500,Term Life,Annual,15500,150.0
P000710,I00500,Whole Life,Monthly,26500,0.0
P000711,I00500,Term Life,Monthly,11800,0.0
P000712,I00501,Term Life,Annual,10400,0.0
P000713,I00502,Universal Life,Monthly,171300,8250.0
P000714,I00503,Term Life,Annual,13900,1200.0
P000715,I00504,Universal Life,Annual,98800,300.0
P000716,I00504,Whole Life,Semiannual,124600,600.0
P000717,I00505,Universal Life,Monthly,25800,0.0
P000718,I00506,Universal Life,Quarterly,40400,0.0
P000719,I00507,Whole Life,Annual,19300,0.0
P000720,I00507,Universal Life,Quarterly,29100,450.0
P000721,I00508,Whole Life,Annual,52800,0.0
P000722,I00508,Term Life,Annual,20000,750.0
P000723,I00509,Whole Life,Monthly,34500,0.0
P000724,I00509,Universal Life,Monthly,60800,1800.0
P000725,I00509,Whole Life,Annual,63000,0.0
P000726,I00510,Universal Life,Annual,41900,0.0
P000727,I00510,Term Life,Annual,9400,0.0
P000728,I00511,Universal Life,Monthly,34200,0.0
P000729,I00512,Whole Life,Annual,87700,2400.0
P000730,I00513,Term Life,Semiannual,9000,0.0
P000731,I00513,Whole Life,Annual,16700,0.0
P000732,I00513,Term Life,Annual,26700,4500.0
P000733,I00514,Term Life,Annual,32900,9000.0
P000734,I00514,Term Life,Annual,11100,1050.0
P000735,I00515,Term Life,Annual,11700,0.0
P000736,I00516,Term Life,Annual,17100,0.0
P000737,I00517,Whole Life,Semiannual,27800,0.0
P000738,I00518,Universal Life,Monthly,18400,0.0
P000739,I00518,Term Life,Quarterly,14200,0.0
P000740,I00519,Term Life,Annual,9700,300.0
P000741,I00519,Term Life,Quarterly,17100,2250.0
P000742,I00519,Term Life,Quarterly,9000,0.0
P000743,I00519,Term Life,Annual,6400,0.0
P000744,I00520,Universal Life,Annual,44600,750.0
P000745,I00521,Term Life,Monthly,19400,2850.0
P000746,I00522,Term Life,Monthly,6300,0.0
P000747,I00523,Term Life,Monthly,22100,4050.0
P000748,I00523,Whole Life,Monthly,51900,600.0
P000749,I00523,Term Life,Monthly,8100,0.0
P000750,I00524,Universal Life,Annual,29900,0.0
P000751,I00524,Universal Life,Monthly,11300,0.0
P000752,I00525,Term Life,Quarterly,21900,1800.0
P000753,I00525,Universal Life,Quarterly,39600,600.0
P000754,I00526,Term Life,Annual,25400,3600.0
P000755,I00527,Term Life,Semiannual,47200,5400.0
P000756,I00528,Whole Life,Monthly,23500,0.0
P000757,I00529,Term Life,Annual,18300,1500.0
P000758,I00530,Universal Life,Monthly,37300,1200.0
P000759,I00530,Whole Life,Annual,52500,1200.0
P000760,I00531,Term Life,Annual,15000,0.0
P000761,I00531,Term Life,Monthly,70600,4800.0
P000762,I00532,Term Life,Annual,5300,0.0
P000763,I00532,Universal Life,Monthly,60100,1350.0
P000764,I00532,Whole Life,Annual,47500,0.0
P000765,I00532,Term Life,Monthly,15800,1050.0
P000766,I00533,Universal Life,Annual,13100,0.0
P000767,I00533,Whole Life,Annual,47300,150.0
P000768,I00533,Universal Life,Semiannual,50200,1200.0
P000769,I00533,Whole Life,Semiannual,41300,0.0
P000770,I00534,Term Life,Annual,8700,0.0
P000771,I00535,Term Life,Monthly,23500,0.0
P000772,I00535,Whole Life,Semiannual,74400,0.0
P000773,I00536,Term Life,Quarterly,36000,10950.0
P000774,I00536,Whole Life,Annual,40700,900.0
P000775,I00536,Universal Life,Semiannual,47500,3000.0
P000776,I00537,Term Life,Annual,9000,0.0
P000777,I00537,Term Life,Monthly,39800,3450.0
P000778,I00538,Term Life,Monthly,34300,4800.0
P000779,I00539,Universal Life,Semiannual,47300,3300.0
P000780,I00540,Universal Life,Annual,46000,600.0
P000781,I00541,Term Life,Annual,43900,4500.0
P000782,I00541,Whole Life,Monthly,158800,2850.0
P000783,I00541,Whole Life,Monthly,17500,0.0
P000784,I00542,Term Life,Annual,23900,3900.0
P000785,I00543,Term Life,Monthly,5900,0.0
P000786,I00544,Term Life,Monthly,17600,300.0
P000787,I00545,Term Life,Monthly,18000,2100.0
P000788,I00546,Universal Life,Quarterly,14500,0.0
P000789,I00547,Whole Life,Semiannual,62700,300.0
P000790,I00548,Universal Life,Quarterly,47400,1200.0
P000791,I00549,Term Life,Monthly,6600,0.0
P000792,I00550,Term Life,Monthly,6200,0.0
P000793,I00550,Term Life,Semiannual,9600,450.0
P000794,I00551,Universal Life,Annual,92700,0.0
P000795,I00552,Term Life,Quarterly,25900,0.0
P000796,I00552,Term Life,Monthly,12300,0.0
P000797,I00553,Whole Life,Semiannual,72000,600.0
P000798,I00554,Term Life,Annual,14100,0.0
P000799,I00555,Whole Life,Semiannual,89800,2250.0
P000800,I00555,Whole Life,Annual,24300,0.0
P000801,I00556,Term Life,Semiannual,26400,2100.0
P000802,I00557,Term Life,Semiannual,17000,3600.0
P000803,I00558,Term Life,Quarterly,9500,300.0
P000804,I00559,Universal Life,Annual,41400,0.0
P000805,I00559,Whole Life,Annual,60400,0.0
P000806,I00560,Whole Life,Annual,120100,2250.0
P000807,I00561,Universal Life,Monthly,57300,2100.0
P000808,I00562,Term Life,Monthly,45600,7050.0
P000809,I00563,Term Life,Monthly,19700,3150.0
P000810,I00564,Term Life,Annual,8700,0.0
P000811,I00565,Whole Life,Semiannual,42500,0.0
P000812,I00566,Term Life,Annual,19000,1350.0
P000813,I00567,Term Life,Annual,20700,750.0
P000814,I00568,Universal Life,Annual,47900,0.0
P000815,I00569,Term Life,Annual,8900,0.0
P000816,I00569,Whole Life,Annual,28300,0.0
P000817,I00570,Whole Life,Annual,33700,0.0
P000818,I00571,Term Life,Monthly,8200,0.0
P000819,I00572,Whole Life,Quarterly,41600,0.0
P000820,I00572,Term Life,Annual,14400,1350.0
P000821,I00573,Whole Life,Monthly,74800,450.0
P000822,I00574,Term Life,Annual,5900,0.0
P000823,I00575,Term Life,Annual,10900,0.0
P000824,I00575,Universal Life,Annual,50200,0.0
P000825,I00576,Term Life,Monthly,6900,0.0
P000826,I00576,Term Life,Annual,19900,0.0
P000827,I00576,Universal Life,Monthly,137400,3900.0
P000828,I00577,Universal Life,Monthly,95800,0.0
P000829,I00578,Term Life,Annual,8800,150.0
P000830,I00578,Whole Life,Monthly,19100,0.0
P000831,I00578,Universal Life,Semiannual,21400,0.0
P000832,I00579,Whole Life,Quarterly,43700,0.0
P000833,I00580,Term Life,Annual,7200,0.0
P000834,I00581,Term Life,Annual,58500,12000.0
P000835,I00582,Universal Life,Annual,26400,0.0
P000836,I00582,Whole Life,Monthly,54600,1050.0
P000837,I00582,Term Life,Semiannual,15400,2250.0
P000838,I00582,Whole Life,Annual,17300,0.0
P000839,I00583,Term Life,Annual,42700,7350.0
P000840,I00584,Term Life,Annual,36700,5700.0
P000841,I00585,Whole Life,Monthly,52000,300.0
P000842,I00586,Universal Life,Annual,156400,1200.0
P000843,I00587,Whole Life,Monthly,104100,300.0
P000844,I00588,Term Life,Semiannual,36500,3000.0
P000845,I00589,Term Life,Quarterly,13300,600.0
P000846,I00590,Term Life,Semiannual,9300,0.0
P000847,I00590,Universal Life,Semiannual,22100,0.0
P000848,I00591,Term Life,Quarterly,13300,0.0
P000849,I00592,Universal Life,Monthly,22700,0.0
P000850,I00593,Universal Life,Annual,58500,0.0
P000851,I00594,Term Life,Monthly,9500,0.0
P000852,I00595,Universal Life,Annual,47800,3300.0
P000853,I00595,Whole Life,Annual,51100,750.0
P000854,I00596,Whole Life,Quarterly,43500,0.0
P000855,I00597,Universal Life,Annual,30900,150.0
P000856,I00598,Universal Life,Annual,87600,5250.0
P000857,I00599,Term Life,Annual,19900,2700.0
P000858,I00600,Term Life,Monthly,55100,2400.0
P000859,I00601,Term Life,Annual,38800,1650.0
P000860,I00602,Term Life,Quarterly,13000,0.0
P000861,I00603,Whole Life,Monthly,26900,0.0
P000862,I00604,Term Life,Annual,20900,3600.0
P000863,I00605,Term Life,Semiannual,15500,0.0
P000864,I00606,Term Life,Monthly,19600,3000.0
P000865,I00607,Term Life,Annual,26700,2250.0
P000866,I00608,Universal Life,Quarterly,80500,4500.0
P000867,I00609,Term Life,Annual,9500,0.0
P000868,I00610,Term Life,Quarterly,16300,1950.0
P000869,I00611,Whole Life,Quarterly,46900,300.0
P000870,I00612,Whole Life,Monthly,29800,0.0
P000871,I00612,Whole Life,Annual,32100,0.0
P000872,I00613,Whole Life,Monthly,66100,0.0
P000873,I00614,Universal Life,Annual,65000,2400.0
P000874,I00615,Whole Life,Annual,27700,0.0
P000875,I00615,Universal Life,Annual,96900,4050.0
P000876,I00616,Universal Life,Annual,38800,900.0
P000877,I00616,Whole Life,Annual,50100,0.0
P000878,I00616,Universal Life,Annual,67800,6150.0
P000879,I00617,Term Life,Annual,12200,0.0
P000880,I00618,Term Life,Semiannual,26500,1800.0
P000881,I00619,Whole Life,Monthly,18900,0.0
P000882,I00619,Universal Life,Annual,43400,300.0
P000883,I00620,Term Life,Quarterly,18000,450.0
P000884,I00620,Whole Life,Monthly,38200,0.0
P000885,I00621,Universal Life,Semiannual,51200,0.0
P000886,I00622,Term Life,Monthly,15900,0.0
P000887,I00623,Term Life,Annual,11000,0.0
P000888,I00624,Universal Life,Annual,16800,0.0
P000889,I00625,Universal Life,Quarterly,28500,0.0
P000890,I00626,Universal Life,Annual,22800,0.0
P000891,I00627,Whole Life,Quarterly,121700,1950.0
P000892,I00628,Whole Life,Annual,104300,900.0
P000893,I00628,Term Life,Semiannual,24900,0.0
P000894,I00629,Whole Life,Annual,87500,1050.0
P000895,I00630,Term Life,Annual,3900,0.0
P000896,I00631,Universal Life,Quarterly,54500,450.0
P000897,I00632,Term Life,Annual,12900,0.0
P000898,I00632,Universal Life,Monthly,12000,0.0
P000899,I00633,Whole Life,Annual,58700,0.0
P000900,I00634,Whole Life,Annual,31700,0.0
P000901,I00635,Term Life,Quarterly,15800,1200.0
P000902,I00636,Term Life,Annual,18200,3900.0
P000903,I00637,Universal Life,Monthly,45300,150.0
P000904,I00638,Term Life,Monthly,19800,0.0
P000905,I00639,Whole Life,Monthly,15500,0.0
P000906,I00640,Whole Life,Monthly,22100,0.0
P000907,I00641,Term Life,Annual,12300,0.0
P000908,I00642,Term Life,Monthly,12000,0.0
P000909,I00643,Term Life,Annual,11300,300.0
P000910,I00644,Term Life,Monthly,24300,1200.0
P000911,I00645,Term Life,Semiannual,12400,0.0
P000912,I00646,Universal Life,Annual,17700,0.0
P000913,I00646,Whole Life,Annual,66300,2700.0
P000914,I00647,Universal Life,Annual,23800,0.0
P000915,I00648,Term Life,Quarterly,12500,0.0
P000916,I00649,Universal Life,Quarterly,72100,300.0
P000917,I00649,Term Life,Annual,7300,0.0
P000918,I00650,Term Life,Annual,28300,2700.0
P000919,I00651,Whole Life,Semiannual,24200,0.0
P000920,I00652,Term Life,Monthly,12300,0.0
P000921,I00653,Universal Life,Annual,47900,1500.0
P000922,I00654,Universal Life,Monthly,32500,0.0
P000923,I00654,Whole Life,Monthly,47800,0.0
P000924,I00655,Term Life,Quarterly,3900,0.0
P000925,I00656,Term Life,Monthly,8800,0.0
P000926,I00657,Universal Life,Annual,120900,3150.0
P000927,I00658,Whole Life,Annual,37300,0.0
P000928,I00659,Universal Life,Quarterly,98600,3000.0
P000929,I00660,Term Life,Annual,6700,0.0
P000930,I00661,Term Life,Semiannual,10400,600.0
P000931,I00662,Term Life,Annual,11700,0.0
P000932,I00662,Term Life,Annual,10700,0.0
P000933,I00662,Universal Life,Monthly,36600,0.0
P000934,I00662,Whole Life,Annual,134400,3600.0
P000935,I00663,Term Life,Monthly,7800,0.0
P000936,I00664,Universal Life,Annual,18300,0.0
P000937,I00665,Term Life,Annual,20400,1200.0
P000938,I00666,Whole Life,Quarterly,20000,0.0
P000939,I00667,Whole Life,Semiannual,59900,0.0
P000940,I00668,Term Life,Annual,14400,1950.0
P000941,I00669,Term Life,Quarterly,36000,3300.0
P000942,I00670,Whole Life,Semiannual,20000,0.0
P000943,I00670,Whole Life,Semiannual,28700,0.0
P000944,I00671,Universal Life,Annual,66600,3450.0
P000945,I00672,Term Life,Annual,17800,0.0
P000946,I00672,Term Life,Annual,21500,600.0
P000947,I00673,Universal Life,Annual,77800,0.0
P000948,I00674,Whole Life,Semiannual,67500,0.0
P000949,I00675,Term Life,Annual,10900,750.0
P000950,I00676,Term Life,Annual,6200,0.0
P000951,I00676,Term Life,Semiannual,19800,3450.0
P000952,I00676,Term Life,Annual,7900,0.0
P000953,I00676,Whole Life,Quarterly,58600,900.0
P000954,I00677,Term Life,Annual,13600,750.0
P000955,I00678,Universal Life,Annual,10300,0.0
P000956,I00679,Whole Life,Monthly,33500,0.0
P000957,I00679,Whole Life,Annual,34800,150.0
P000958,I00679,Universal Life,Quarterly,7900,0.0
P000959,I00680,Universal Life,Annual,11900,0.0
P000960,I00680,Universal Life,Annual,46400,0.0
P000961,I00681,Universal Life,Monthly,14100,0.0
P000962,I00681,Term Life,Annual,10900,1050.0
P000963,I00682,Whole Life,Monthly,26300,0.0
P000964,I00683,Universal Life,Quarterly,8900,0.0
P000965,I00684,Term Life,Annual,9800,450.0
P000966,I00685,Term Life,Quarterly,7300,0.0
P000967,I00685,Term Life,Monthly,11000,600.0
P000968,I00685,Whole Life,Annual,17200,0.0
P000969,I00686,Term Life,Semiannual,13100,0.0
P000970,I00687,Term Life,Semiannual,25200,3150.0
P000971,I00688,Universal Life,Semiannual,39700,1800.0
P000972,I00689,Term Life,Monthly,13500,0.0
P000973,I00689,Term Life,Monthly,38900,1500.0
P000974,I00690,Universal Life,Monthly,15900,0.0
P000975,I00691,Term Life,Monthly,7800,150.0
P000976,I00692,Term Life,Semiannual,7600,0.0
P000977,I00693,Universal Life,Annual,12800,0.0
P000978,I00694,Universal Life,Semiannual,40700,1200.0
P000979,I00695,Term Life,Semiannual,16400,300.0
P000980,I00696,Universal Life,Annual,70700,0.0
P000981,I00697,Term Life,Annual,12300,600.0
P000982,I00698,Whole Life,Monthly,115100,1800.0
P000983,I00699,Term Life,Quarterly,37100,5850.0
P000984,I00700,Whole Life,Annual,36700,0.0
P000985,I00701,Whole Life,Annual,46000,0.0
P000986,I00702,Universal Life,Quarterly,46300,0.0
P000987,I00703,Term Life,Annual,6000,0.0
P000988,I00704,Whole Life,Monthly,12500,0.0
P000989,I00705,Universal Life,Quarterly,25200,0.0
P000990,I00706,Term Life,Annual,15300,0.0
P000991,I00706,Term Life,Monthly,17300,450.0
P000992,I00706,Whole Life,Monthly,68800,300.0
P000993,I00706,Universal Life,Monthly,24700,0.0
P000994,I00707,Term Life,Annual,3400,0.0
P000995,I00708,Whole Life,Annual,16800,0.0
P000996,I00708,Term Life,Semiannual,11600,0.0
P000997,I00709,Term Life,Semiannual,27900,5700.0
P000998,I00710,Term Life,Quarterly,8000,0.0
P000999,I00711,Term Life,Annual,14000,0.0
P001000,I00711,Whole Life,Monthly,37500,0.0
P001001,I00712,Universal Life,Annual,16800,0.0
P001002,I00713,Term Life,Monthly,10300,0.0
P001003,I00714,Term Life,Quarterly,7400,0.0
P001004,I00715,Universal Life,Semiannual,19400,0.0
P001005,I00716,Whole Life,Annual,45000,1800.0
P001006,I00716,Whole Life,Annual,17500,0.0
P001007,I00716,Whole Life,Semiannual,48400,1350.0
P001008,I00717,Term Life,Semiannual,12500,0.0
P001009,I00717,Universal Life,Monthly,52800,1500.0
P001010,I00718,Universal Life,Annual,28300,0.0
P001011,I00718,Term Life,Annual,7200,0.0
P001012,I00718,Term Life,Annual,13400,450.0
P001013,I00719,Term Life,Annual,16600,0.0
P001014,I00720,Whole Life,Monthly,38800,150.0
P001015,I00720,Term Life,Monthly,6600,0.0
P001016,I00721,Term Life,Semiannual,25500,1650.0
P001017,I00721,Universal Life,Annual,153100,6000.0
P001018,I00721,Whole Life,Annual,66600,0.0
P001019,I00722,Universal Life,Monthly,22200,0.0
P001020,I00723,Term Life,Annual,18400,600.0
P001021,I00723,Term Life,Annual,23900,1200.0
P001022,I00724,Whole Life,Annual,29200,0.0
P001023,I00724,Term Life,Annual,42100,8700.0
P001024,I00725,Term Life,Quarterly,7300,0.0
P001025,I00726,Term Life,Semiannual,8500,0.0
P001026,I00726,Term Life,Quarterly,12100,0.0
P001027,I00727,Whole Life,Monthly,20500,0.0
P001028,I00728,Term Life,Annual,4800,0.0
P001029,I00728,Whole Life,Monthly,117600,3000.0
P001030,I00729,Term Life,Semiannual,11700,1800.0
P001031,I00730,Term Life,Quarterly,20600,1500.0
P001032,I00731,Term Life,Annual,19000,450.0
P001033,I00732,Term Life,Quarterly,23600,300.0
P001034,I00732,Whole Life,Monthly,75800,0.0
P001035,I00733,Universal Life,Semiannual,26400,0.0
P001036,I00734,Universal Life,Monthly,38400,0.0
P001037,I00735,Term Life,Quarterly,33800,4500.0
P001038,I00736,Whole Life,Annual,26700,0.0
P001039,I00736,Term Life,Annual,23700,4800.0
P001040,I00737,Term Life,Annual,5100,0.0
P001041,I00738,Universal Life,Annual,47200,600.0
P001042,I00738,Term Life,Annual,39000,4500.0
P001043,I00739,Universal Life,Annual,84700,4350.0
P001044,I00740,Term Life,Quarterly,24900,0.0
P001045,I00741,Universal Life,Monthly,36900,0.0
P001046,I00742,Term Life,Annual,8500,750.0
P001047,I00743,Universal Life,Monthly,47800,750.0
P001048,I00743,Term Life,Annual,15000,0.0
P001049,I00744,Term Life,Annual,4400,0.0
P001050,I00745,Universal Life,Monthly,12600,0.0
P001051,I00746,Term Life,Annual,48200,8250.0
P001052,I00746,Universal Life,Annual,46300,900.0
P001053,I00747,Universal Life,Monthly,59000,3000.0
P001054,I00748,Term Life,Annual,13900,0.0
P001055,I00749,Whole Life,Annual,41400,0.0
P001056,I00749,Term Life,Annual,9000,0.0
P001057,I00750,Universal Life,Annual,38700,0.0
P001058,I00751,Term Life,Annual,15200,0.0
P001059,I00752,Whole Life,Annual,27800,0.0
P001060,I00752,Term Life,Annual,20000,1950.0
P001061,I00752,Term Life,Annual,20400,2250.0
P001062,I00753,Universal Life,Monthly,27900,0.0
P001063,I00754,Universal Life,Monthly,20000,0.0
P001064,I00755,Whole Life,Semiannual,85800,0.0
P001065,I00756,Term Life,Monthly,16200,0.0
P001066,I00756,Whole Life,Quarterly,39000,0.0
P001067,I00757,Whole Life,Quarterly,71400,450.0
P001068,I00758,Term Life,Semiannual,64900,4350.0
P001069,I00759,Universal Life,Annual,23800,0.0
P001070,I00759,Whole Life,Monthly,56900,2400.0
P001071,I00760,Term Life,Monthly,14800,0.0
P001072,I00760,Whole Life,Annual,68300,150.0
P001073,I00761,Term Life,Monthly,20100,4800.0
P001074,I00762,Universal Life,Monthly,23300,0.0
P001075,I00763,Whole Life,Quarterly,117600,5550.0
P001076,I00764,Term Life,Annual,10100,0.0
P001077,I00764,Term Life,Annual,18700,1650.0
P001078,I00765,Term Life,Annual,23200,0.0
P001079,I00766,Term Life,Semiannual,37600,3150.0
P001080,I00767,Universal Life,Monthly,35800,750.0
P001081,I00767,Universal Life,Annual,31000,450.0
P001082,I00768,Term Life,Semiannual,10100,0.0
P001083,I00768,Universal Life,Monthly,11100,0.0
P001084,I00769,Term Life,Annual,11900,0.0
P001085,I00769,Term Life,Annual,15500,0.0
P001086,I00770,Whole Life,Annual,67100,0.0
P001087,I00770,Term Life,Annual,23100,2700.0
P001088,I00771,Universal Life,Annual,28100,1050.0
P001089,I00772,Term Life,Monthly,20200,1950.0
P001090,I00772,Whole Life,Quarterly,57100,900.0
P001091,I00773,Term Life,Monthly,26100,3900.0
P001092,I00774,Term Life,Annual,14300,0.0
P001093,I00775,Term Life,Annual,23700,5550.0
P001094,I00775,Term Life,Monthly,6300,0.0
P001095,I00776,Term Life,Quarterly,19400,900.0
P001096,I00777,Whole Life,Annual,50000,0.0
P001097,I00778,Whole Life,Quarterly,19000,0.0
P001098,I00778,Whole Life,Annual,25600,0.0
P001099,I00779,Whole Life,Semiannual,44300,0.0
P001100,I00779,Term Life,Annual,46200,6450.0
P001101,I00780,Universal Life,Annual,72100,1650.0
P001102,I00781,Term Life,Monthly,12500,150.0
P001103,I00782,Universal Life,Annual,52000,1650.0
P001104,I00783,Universal Life,Semiannual,66200,0.0
P001105,I00784,Whole Life,Annual,18700,0.0
P001106,I00785,Whole Life,Annual,30600,0.0
P001107,I00786,Whole Life,Annual,45200,0.0
P001108,I00786,Whole Life,Annual,120300,1500.0
P001109,I00787,Whole Life,Quarterly,17800,0.0
P001110,I00788,Term Life,Monthly,13800,0.0
P001111,I00789,Universal Life,Annual,49600,3000.0
P001112,I00790,Universal Life,Semiannual,87900,1350.0
P001113,I00790,Whole Life,Semiannual,77900,0.0
P001114,I00790,Term Life,Semiannual,27000,1500.0
P001115,I00791,Term Life,Monthly,6800,0.0
P001116,I00792,Term Life,Quarterly,3400,0.0
P001117,I00793,Universal Life,Quarterly,20300,0.0
P001118,I00794,Term Life,Annual,16600,1650.0
P001119,I00795,Universal Life,Annual,44800,0.0
P001120,I00796,Term Life,Annual,10000,0.0
P001121,I00796,Universal Life,Monthly,53500,600.0
P001122,I00797,Term Life,Quarterly,16600,1950.0
P001123,I00797,Term Life,Annual,11000,750.0
P001124,I00797,Term Life,Monthly,31600,6150.0
P001125,I00798,Term Life,Semiannual,9300,0.0
P001126,I00799,Universal Life,Semiannual,14800,0.0
P001127,I00800,Term Life,Annual,28700,1650.0
P001128,I00800,Term Life,Annual,32800,1950.0
P001129,I00800,Term Life,Semiannual,19400,450.0
P001130,I00801,Term Life,Annual,12300,1200.0
P001131,I00802,Universal Life,Quarterly,16200,0.0
P001132,I00803,Term Life,Annual,19400,1350.0
P001133,I00804,Whole Life,Annual,68200,0.0
P001134,I00805,Whole Life,Annual,64000,150.0
P001135,I00806,Term Life,Annual,7400,0.0
P001136,I00806,Whole Life,Monthly,18800,0.0
P001137,I00807,Term Life,Annual,27700,4050.0
P001138,I00807,Term Life,Monthly,13600,900.0
P001139,I00807,Term Life,Semiannual,7100,0.0
P001140,I00808,Term Life,Monthly,16300,900.0
P001141,I00808,Term Life,Monthly,26500,2250.0
P001142,I00808,Universal Life,Monthly,54400,1050.0
P001143,I00809,Universal Life,Monthly,7600,0.0
P001144,I00810,Term Life,Monthly,20200,2100.0
P001145,I00811,Whole Life,Monthly,74900,0.0
P001146,I00811,Whole Life,Quarterly,40800,0.0
P001147,I00811,Term Life,Annual,19000,300.0
P001148,I00811,Term Life,Monthly,19900,0.0
P001149,I00812,Term Life,Annual,24900,150.0
P001150,I00812,Term Life,Annual,14800,0.0
P001151,I00813,Universal Life,Annual,29700,900.0
P001152,I00814,Term Life,Annual,18400,2700.0
P001153,I00814,Term Life,Annual,28100,5100.0
P001154,I00814,Whole Life,Annual,46600,300.0
P001155,I00815,Whole Life,Annual,17700,0.0
P001156,I00815,Term Life,Monthly,13300,600.0
P001157,I00816,Whole Life,Annual,104500,3750.0
P001158,I00817,Term Life,Semiannual,22800,150.0
P001159,I00818,Term Life,Annual,25000,900.0
P001160,I00819,Universal Life,Quarterly,34300,600.0
P001161,I00820,Term Life,Annual,11600,750.0
P001162,I00821,Term Life,Annual,10400,0.0
P001163,I00821,Whole Life,Semiannual,64500,900.0
P001164,I00822,Universal Life,Annual,14600,0.0
P001165,I00823,Term Life,Semiannual,16400,600.0
P001166,I00824,Whole Life,Annual,48300,0.0
P001167,I00825,Universal Life,Quarterly,50200,2850.0
P001168,I00826,Whole Life,Annual,45200,0.0
P001169,I00826,Whole Life,Quarterly,57100,0.0
P001170,I00827,Term Life,Annual,8000,0.0
P001171,I00828,Whole Life,Quarterly,32200,0.0
P001172,I00829,Term Life,Monthly,12100,150.0
P001173,I00829,Whole Life,Semiannual,32900,0.0
P001174,I00830,Term Life,Quarterly,10800,0.0
P001175,I00831,Whole Life,Annual,16200,0.0
P001176,I00832,Term Life,Quarterly,32900,0.0
P001177,I00833,Term Life,Quarterly,12700,0.0
P001178,I00834,Whole Life,Semiannual,41000,300.0
P001179,I00835,Term Life,Annual,11700,0.0
P001180,I00836,Universal Life,Semiannual,91500,2550.0
P001181,I00837,Term Life,Quarterly,12000,0.0
P001182,I00837,Term Life,Annual,17100,0.0
P001183,I00838,Universal Life,Monthly,22600,0.0
P001184,I00839,Universal Life,Annual,87500,4800.0
P001185,I00840,Universal Life,Annual,40100,0.0
P001186,I00841,Universal Life,Quarterly,23500,0.0
P001187,I00842,Term Life,Annual,53000,12750.0
P001188,I00843,Universal Life,Monthly,98100,3750.0
P001189,I00844,Term Life,Annual,2900,0.0
P001190,I00844,Term Life,Monthly,9900,0.0
P001191,I00844,Universal Life,Annual,74100,4350.0
P001192,I00845,Term Life,Quarterly,19500,3000.0
P001193,I00846,Whole Life,Monthly,42800,0.0
P001194,I00847,Term Life,Semiannual,11700,0.0
P001195,I00848,Whole Life,Annual,101800,0.0
P001196,I00848,Term Life,Annual,30200,450.0
P001197,I00848,Whole Life,Annual,154300,150.0
P001198,I00848,Term Life,Monthly,139600,11550.0
P001199,I00849,Term Life,Annual,18600,0.0
P001200,I00850,Term Life,Monthly,20500,450.0
